{"playerName":"","health":80,"damage":20,"speed":56,"gold":500,"healthPotion":0,"speedPotion":2,"position":[-168.13839721679688,13.058893203735352,0.0],"scene":"Swamp"}